Annual Distance (miles/vehicle),2020.0
LDVs,15741.4329869
HDVs,9085.575953853
aircraft,1519792.938360264
rail,809755.0
ships,268.989518141
motorbikes,2676.029742334
