Annual Distance (miles/vehicle),2020.0
LDVs,15537.826080446
HDVs,16063.993599826
aircraft,1308648.142736085
rail,809755.0
ships,284.194945816
motorbikes,3062.649329136
