Annual Distance (miles/vehicle),2020.0
LDVs,14022.356880994
HDVs,32208.959429836
aircraft,0.0
rail,17818.013897684
ships,0.0
motorbikes,0.0
