Annual Distance (miles/vehicle),2020.0
LDVs,15638.139746943
HDVs,15830.494044597
aircraft,107157.247459331
rail,658280.666666667
ships,285.776103137
motorbikes,3083.141153952
