Annual Distance (miles/vehicle),2020.0
LDVs,14113.509505977
HDVs,31740.710001649
aircraft,104150.838880965
rail,17558.751218171
ships,0.0
motorbikes,0.0
