Annual Distance (miles/vehicle),2020.0
LDVs,13733.717408196
HDVs,33382.888609885
aircraft,0.0
rail,17810.577408098
ships,0.0
motorbikes,0.0
