Unit: dimensionless,Year2020,Year2021,Year2022,Year2023,Year2024,Year2025,Year2026,Year2027,Year2028,Year2029,Year2030,Year2031,Year2032,Year2033,Year2034,Year2035,Year2036,Year2037,Year2038,Year2039,Year2040,Year2041,Year2042,Year2043,Year2044,Year2045,Year2046,Year2047,Year2048,Year2049,Year2050,Year2051,Year2052,Year2053,Year2054,Year2055,Year2056,Year2057,Year2058,Year2059,Year2060,Year2061,Year2062,Year2063,Year2064,Year2065,Year2066,Year2067,Year2068,Year2069,Year2070,Year2071,Year2072,Year2073,Year2074,Year2075,Year2076,Year2077,Year2078,Year2079,Year2080,Year2081,Year2082,Year2083,Year2084,Year2085,Year2086,Year2087,Year2088,Year2089,Year2090,Year2091,Year2092,Year2093,Year2094,Year2095,Year2096,Year2097,Year2098,Year2099,Year2100
RPS Fraction (dimensionless),0.4,0.4307692307692308,0.46153846153846156,0.49230769230769234,0.5230769230769231,0.5538461538461539,0.5846153846153846,0.6153846153846154,0.6461538461538462,0.676923076923077,0.7076923076923077,0.7384615384615385,0.7692307692307693,0.8,0.81,0.8200000000000001,0.8300000000000001,0.8400000000000001,0.8500000000000001,0.8600000000000001,0.8700000000000001,0.8800000000000001,0.8900000000000001,0.9000000000000001,0.9100000000000001,0.9200000000000002,0.9300000000000002,0.9400000000000002,0.9500000000000002,0.9600000000000002,0.9700000000000002,0.9800000000000002,0.9900000000000002,1.0,1.0,1.0,1.0,1.0,1.0,1.0,1.0,1.0,1.0,1.0,1.0,1.0,1.0,1.0,1.0,1.0,1.0,1.0,1.0,1.0,1.0,1.0,1.0,1.0,1.0,1.0,1.0,1.0,1.0,1.0,1.0,1.0,1.0,1.0,1.0,1.0,1.0,1.0,1.0,1.0,1.0,1.0,1.0,1.0,1.0,1.0,1.0
