solar pv,Hour0,Hour1,Hour2,Hour3,Hour4,Hour5,Hour6,Hour7,Hour8,Hour9,Hour10,Hour11,Hour12,Hour13,Hour14,Hour15,Hour16,Hour17,Hour18,Hour19,Hour20,Hour21,Hour22,Hour23
Winter,0,0,0,0.0,0.0,1.8797926451901158e-06,0.00844966794012957,0.08764627197831176,0.15920527849908644,0.16102961726124354,0.1492508365464822,0.14679112787025086,0.15544193362341585,0.1633436420074725,0.1135902301709031,0.027167703204610143,0.00020771708729350777,0.0,0.0,0,0,0,0,0
Spring,0,0,0,6.109326096867873e-05,0.018163496434149492,0.0738664519927456,0.16074576857181977,0.21972191307385314,0.2457946370626401,0.25754569083588474,0.25753041752064265,0.2574975211493518,0.25681139683385734,0.25395058740195864,0.2364050727999154,0.19682368891463103,0.10841821568174317,0.026593191577423923,1.1748704032438223e-06,0,0,0,0,0
Summer,0,0,0,0.00037520229061754456,0.05272337618190968,0.1498808911848011,0.2246467807446462,0.2564060395362233,0.27113086585542573,0.27958534131122836,0.27632406312291347,0.2735671959610582,0.2730441490592369,0.2721396879083444,0.2607196234866342,0.2381093371060096,0.18336831681826232,0.08141020032217161,0.0037135087637610604,0,0,0,0,0
Fall,0,0,0,0.0,8.859678450691116e-05,0.030688154217503885,0.12942218280769588,0.19415276550413543,0.20407914924028966,0.20509801226211918,0.20273779392285504,0.20051401463173157,0.2017898083286311,0.20597512042873745,0.19203175848303988,0.12416307767936563,0.03362425165606294,8.85967845069112e-06,0.0,0,0,0,0,0
Summer Peak,0,0,0,0.0,0.012970569251811798,0.05966461855833428,0.11695129942050304,0.145486551774489,0.1632129964186318,0.19628794801075186,0.2305518684509547,0.25541212618359405,0.26989592851478383,0.26870695966670105,0.25389889310421593,0.22017541304950528,0.17099533796971889,0.08398443590548141,0.0,0,0,0,0,0
Winter Peak,0,0,0,0.0,0.0,0.0,0.0004323523083937267,0.03588524159667931,0.10268367324351008,0.12300423173801522,0.12386893635480267,0.12570643366547601,0.13683950560661445,0.16407770103541927,0.11446527364723913,0.0,0.0,0.0,0.0,0,0,0,0,0
