Unit: dimensionless (ratio of electricity demand in this hour to annual demand),Hour0,Hour1,Hour2,Hour3,Hour4,Hour5,Hour6,Hour7,Hour8,Hour9,Hour10,Hour11,Hour12,Hour13,Hour14,Hour15,Hour16,Hour17,Hour18,Hour19,Hour20,Hour21,Hour22,Hour23
Winter,0,0,0,0.0,0.0,4.257130693912303e-06,0.01928693060876969,0.2092656449553002,0.3804576415495955,0.3855406555981268,0.3574989357173264,0.3520263942103021,0.37443805874840375,0.3954491272882078,0.27805449127288207,0.06667943805874839,0.00047041294167730945,0.0,0.0,0,0,0,0,0
Spring,0,0,0,0.00014437225831528676,0.04292298295296796,0.17455716586151368,0.37986562274418345,0.5192348270309289,0.5808484646565607,0.6086179132655893,0.6085818202010107,0.6085040812926871,0.606882669776223,0.6001221611416513,0.5586595591093342,0.46512299405852625,0.25620800710755737,0.06284357821089456,2.7763895829862846e-06,0,0,0,0,0
Summer,0,0,0,0.0008384696540618584,0.12199178188683431,0.3520684102393249,0.5299294797045921,0.6052001776889334,0.6407157532344937,0.661555333444389,0.6544533288911097,0.6483924704314511,0.6482425453939694,0.6472930201565885,0.6211616414015215,0.5681742462102286,0.43749791770781266,0.19417235826531173,0.008318063190626909,0,0,0,0,0
Fall,0,0,0,0.0,0.00020936708330716237,0.0725205703159349,0.30584343529510294,0.4588112137009822,0.4822687017147164,0.4846764231727489,0.47909888407344603,0.47384377028243624,0.4768586562820594,0.48674915729748947,0.4537989657266085,0.29341540522998977,0.07945899545673431,2.0936708330716246e-05,0.0,0,0,0,0,0
Summer Peak,0,0,0,0.0,0.03065134099616858,0.1409961685823755,0.2763729246487867,0.3438058748403576,0.38569604086845466,0.4638569604086845,0.5448275862068965,0.6035759897828864,0.6378033205619412,0.6349936143039591,0.6,0.5203065134099617,0.4040868454661558,0.1984674329501916,0.0,0,0,0,0,0
Winter Peak,0,0,0,0.0,0.0,0.0,0.0010217113665389529,0.08480204342273308,0.24265644955300128,0.2906768837803321,0.29272030651340997,0.2970625798212005,0.32337164750957853,0.3877394636015326,0.27049808429118777,0.0,0.0,0.0,0.0,0,0,0,0,0
