solar pv,Hour0,Hour1,Hour2,Hour3,Hour4,Hour5,Hour6,Hour7,Hour8,Hour9,Hour10,Hour11,Hour12,Hour13,Hour14,Hour15,Hour16,Hour17,Hour18,Hour19,Hour20,Hour21,Hour22,Hour23
Winter,0,0,0,0.0,0.0,4.442223332778056e-06,0.01996779388083736,0.20712088400244327,0.37622522072297176,0.3805363984674331,0.3527014270642456,0.3468887778333054,0.3673318896107502,0.3860047753900827,0.2684302293297795,0.06420123271697484,0.0004908656782719751,0.0,0.0,0,0,0,0,0
Spring,0,0,0,0.00014437225831528676,0.04292298295296796,0.17455716586151368,0.37986562274418345,0.5192348270309289,0.5808484646565607,0.6086179132655893,0.6085818202010107,0.6085040812926871,0.606882669776223,0.6001221611416513,0.5586595591093342,0.46512299405852625,0.25620800710755737,0.06284357821089456,2.7763895829862846e-06,0,0,0,0,0
Summer,0,0,0,0.0008866575652148388,0.12459300362590091,0.35419033778130093,0.5308730053874724,0.605924751545045,0.6407216570514233,0.6607008117907842,0.6529939372587013,0.6464790593209144,0.6452430234435781,0.6431056502400142,0.6161183775928127,0.5626869834559097,0.4333259934528266,0.192384139986201,0.008775561133864742,0,0,0,0,0
Fall,0,0,0,0.0,0.00020936708330716237,0.0725205703159349,0.30584343529510294,0.4588112137009822,0.4822687017147164,0.4846764231727489,0.47909888407344603,0.47384377028243624,0.4768586562820594,0.48674915729748947,0.4537989657266085,0.29341540522998977,0.07945899545673431,2.0936708330716246e-05,0.0,0,0,0,0,0
Summer Peak,0,0,0,0.0,0.03065134099616858,0.1409961685823755,0.2763729246487867,0.3438058748403576,0.38569604086845466,0.4638569604086845,0.5448275862068965,0.6035759897828864,0.6378033205619412,0.6349936143039591,0.6,0.5203065134099617,0.4040868454661558,0.1984674329501916,0.0,0,0,0,0,0
Winter Peak,0,0,0,0.0,0.0,0.0,0.0010217113665389529,0.08480204342273308,0.24265644955300128,0.2906768837803321,0.29272030651340997,0.2970625798212005,0.32337164750957853,0.3877394636015326,0.27049808429118777,0.0,0.0,0.0,0.0,0,0,0,0,0
