solar pv,Hour0,Hour1,Hour2,Hour3,Hour4,Hour5,Hour6,Hour7,Hour8,Hour9,Hour10,Hour11,Hour12,Hour13,Hour14,Hour15,Hour16,Hour17,Hour18,Hour19,Hour20,Hour21,Hour22,Hour23
Winter,0,0,0,0.0,0.0,4.164203295022201e-06,0.01871809381112479,0.19415806073205766,0.35267886966531514,0.35672022896313443,0.33062733111652515,0.3251784711049885,0.3443421346686808,0.3618463632193066,0.2516303125083065,0.06018314812130835,0.00046014446409995313,0.0,0.0,0,0,0,0,0
Spring,0,0,0,0.00013533660708822147,0.04023661433815202,0.16363236847789736,0.3560914342655859,0.48673810739278867,0.5444956070947468,0.5705270829427541,0.5704932487909822,0.5704203752333193,0.5689004410306361,0.5625630441410241,0.5236954116361107,0.4360129060052995,0.24017302766746484,0.058910463489267206,2.6026270593888757e-06,0,0,0,0,0
Summer,0,0,0,0.0008311654048052938,0.11679525259510666,0.332023057186443,0.4976479012121972,0.56800247486464,0.6006215886982569,0.6193503323396478,0.6121257986058266,0.6060186594228371,0.6048599818220982,0.6028563777999189,0.5775581248165735,0.5274707764654099,0.406205945666979,0.18034362741945842,0.00822633574491067,0,0,0,0,0
Fall,0,0,0,0.0,0.00019626367988834136,0.06798181343972368,0.28670198358088916,0.43009615338090945,0.4520855360755989,0.45434256839431497,0.4491141039620895,0.44418788559689215,0.4470140825872843,0.45628557882520926,0.42539760088438233,0.27505177154271726,0.07448599179122335,1.9626367988834146e-05,0.0,0,0,0,0,0
Summer Peak,0,0,0,0.0,0.028733002735653185,0.13217181258400465,0.25907590799980623,0.3222885140182432,0.36155695109030256,0.4348261080662182,0.5107291236262353,0.5658007122029041,0.59788589859105,0.5952520400069484,0.562448528550411,0.48774272143771286,0.3787967527316945,0.1860461927133544,0.0,0,0,0,0,0
Winter Peak,0,0,0,0.0,0.0,0.0,0.0009577667578551062,0.0794946409019738,0.22746960499058771,0.2724846426097777,0.27440017612548795,0.2784706848463721,0.3031331788611411,0.36347248460601284,0.2535687491421394,0.0,0.0,0.0,0.0,0,0,0,0,0
